[
    {
        "to": "/",
        "id":"1",
        "title": "Home"
    },
    {
        "to": "/about",
        "id":"2",
        "title": "About"
    },
    {
        "to": "/features",
        "id":"3",
        "title": "Features"
    },
    {
        "to": "/tutorials",
        "id":"4",
        "title": "App Tutorials"
    },
    {
        "to": "/blog",
        "id":"5",
        "title": "Blog"
    },
    {
        "to": "/notice",
        "id":"6",
        "title": "Notice"
    },
    {
        "to": "/contact",
        "id":"7",
        "title": "Contact"
    },
    {
        "to": "/login",
        "id":"8",
        "title": "Login"
    }
]